doc_id,project_id,project_name,sprint_number,text,created_at,valid_from,valid_to,doc_type,owner,is_future
PRJ-101-S1,PRJ-101,Atlas - Mobile App Revamp,1,"Sprint 1 Plan for Atlas - Mobile App Revamp: Focus on Performance tuning. Goals: UI wireframes, App store submission. Team capacity 93%.",05-07-2026,07-07-2026,13-07-2026,sprint_plan,Priya Sharma,FALSE
PRJ-101-S2,PRJ-101,Atlas - Mobile App Revamp,2,"Sprint 2 Plan for Atlas - Mobile App Revamp: Focus on App store submission. Goals: App store submission, Auth module. Team capacity 92%.",12-07-2026,14-07-2026,20-07-2026,sprint_plan,Priya Sharma,FALSE
PRJ-101-S3,PRJ-101,Atlas - Mobile App Revamp,3,"Sprint 3 Plan for Atlas - Mobile App Revamp: Focus on Beta release. Goals: App store submission, Push notification service. Team capacity 88%.",19-07-2026,21-07-2026,27-07-2026,sprint_plan,Priya Sharma,FALSE
PRJ-101-S4,PRJ-101,Atlas - Mobile App Revamp,4,"Sprint 4 Plan for Atlas - Mobile App Revamp: Focus on Push notification service. Goals: Auth module, Performance tuning. Team capacity 78%.",26-07-2026,28-07-2026,03-08-2026,sprint_plan,Priya Sharma,FALSE
PRJ-101-S5,PRJ-101,Atlas - Mobile App Revamp,5,"Sprint 5 Plan for Atlas - Mobile App Revamp: Focus on Auth module. Goals: Push notification service, Auth module. Team capacity 77%.",02-08-2026,04-08-2026,10-08-2026,sprint_plan,Priya Sharma,FALSE
PRJ-101-S6,PRJ-101,Atlas - Mobile App Revamp,6,"Sprint 6 Plan for Atlas - Mobile App Revamp: Focus on Performance tuning. Goals: Beta release, Push notification service. Team capacity 94%.",09-08-2026,11-08-2026,17-08-2026,sprint_plan,Priya Sharma,FALSE
PRJ-101-S7,PRJ-101,Atlas - Mobile App Revamp,7,"Sprint 7 Plan for Atlas - Mobile App Revamp: Focus on Auth module. Goals: UI wireframes, Auth module. Team capacity 88%.",16-08-2026,18-08-2026,24-08-2026,sprint_plan,Priya Sharma,FALSE
PRJ-101-S8,PRJ-101,Atlas - Mobile App Revamp,8,"Sprint 8 Plan for Atlas - Mobile App Revamp: Focus on QA testing. Goals: Performance tuning, App store submission. Team capacity 81%.",23-08-2026,25-08-2026,31-08-2026,sprint_plan,Priya Sharma,FALSE
PRJ-101-S9,PRJ-101,Atlas - Mobile App Revamp,9,"Sprint 9 Plan for Atlas - Mobile App Revamp: Focus on Auth module. Goals: Push notification service, Performance tuning. Team capacity 85%.",30-08-2026,01-09-2026,07-09-2026,sprint_plan,Priya Sharma,FALSE
PRJ-101-S10,PRJ-101,Atlas - Mobile App Revamp,10,"Sprint 10 Plan for Atlas - Mobile App Revamp: Focus on UI wireframes. Goals: QA testing, Performance tuning. Team capacity 80%.",06-09-2026,08-09-2026,14-09-2026,sprint_plan,Priya Sharma,FALSE
PRJ-101-S11,PRJ-101,Atlas - Mobile App Revamp,11,"Sprint 11 Plan for Atlas - Mobile App Revamp: Focus on Auth module. Goals: QA testing, App store submission. Team capacity 85%.",13-09-2026,15-09-2026,21-09-2026,sprint_plan,Priya Sharma,FALSE
PRJ-101-S12,PRJ-101,Atlas - Mobile App Revamp,12,"Sprint 12 Plan for Atlas - Mobile App Revamp: Focus on UI wireframes. Goals: Performance tuning, Push notification service. Team capacity 71%.",20-09-2026,22-09-2026,28-09-2026,sprint_plan,Priya Sharma,FALSE
PRJ-102-S1,PRJ-102,Orion - Data Migration,1,"Sprint 1 Plan for Orion - Data Migration: Focus on Cutover plan. Goals: Go-live, UAT. Team capacity 88%.",05-07-2026,07-07-2026,13-07-2026,sprint_plan,Rahul Mehta,FALSE
PRJ-102-S2,PRJ-102,Orion - Data Migration,2,"Sprint 2 Plan for Orion - Data Migration: Focus on Data validation. Goals: Schema mapping, ETL pipeline. Team capacity 81%.",12-07-2026,14-07-2026,20-07-2026,sprint_plan,Rahul Mehta,FALSE
PRJ-102-S3,PRJ-102,Orion - Data Migration,3,"Sprint 3 Plan for Orion - Data Migration: Focus on ETL pipeline. Goals: Go-live, Rollback drill. Team capacity 78%.",19-07-2026,21-07-2026,27-07-2026,sprint_plan,Rahul Mehta,FALSE
PRJ-102-S4,PRJ-102,Orion - Data Migration,4,"Sprint 4 Plan for Orion - Data Migration: Focus on ETL pipeline. Goals: Cutover plan, ETL pipeline. Team capacity 71%.",26-07-2026,28-07-2026,03-08-2026,sprint_plan,Rahul Mehta,FALSE
PRJ-102-S5,PRJ-102,Orion - Data Migration,5,"Sprint 5 Plan for Orion - Data Migration: Focus on Rollback drill. Goals: Go-live, Rollback drill. Team capacity 95%.",02-08-2026,04-08-2026,10-08-2026,sprint_plan,Rahul Mehta,FALSE
PRJ-102-S6,PRJ-102,Orion - Data Migration,6,"Sprint 6 Plan for Orion - Data Migration: Focus on Cutover plan. Goals: Data validation, Rollback drill. Team capacity 72%.",09-08-2026,11-08-2026,17-08-2026,sprint_plan,Rahul Mehta,FALSE
PRJ-102-S7,PRJ-102,Orion - Data Migration,7,"Sprint 7 Plan for Orion - Data Migration: Focus on UAT. Goals: Schema mapping, Cutover plan. Team capacity 88%.",16-08-2026,18-08-2026,24-08-2026,sprint_plan,Rahul Mehta,FALSE
PRJ-102-S8,PRJ-102,Orion - Data Migration,8,"Sprint 8 Plan for Orion - Data Migration: Focus on UAT. Goals: Data validation, Go-live. Team capacity 83%.",23-08-2026,25-08-2026,31-08-2026,sprint_plan,Rahul Mehta,FALSE
PRJ-102-S9,PRJ-102,Orion - Data Migration,9,"Sprint 9 Plan for Orion - Data Migration: Focus on UAT. Goals: Go-live, Data validation. Team capacity 84%.",30-08-2026,01-09-2026,07-09-2026,sprint_plan,Rahul Mehta,FALSE
PRJ-102-S10,PRJ-102,Orion - Data Migration,10,"Sprint 10 Plan for Orion - Data Migration: Focus on UAT. Goals: Rollback drill, Schema mapping. Team capacity 84%.",06-09-2026,08-09-2026,14-09-2026,sprint_plan,Rahul Mehta,FALSE
PRJ-102-S11,PRJ-102,Orion - Data Migration,11,"Sprint 11 Plan for Orion - Data Migration: Focus on Cutover plan. Goals: ETL pipeline, Cutover plan. Team capacity 91%.",13-09-2026,15-09-2026,21-09-2026,sprint_plan,Rahul Mehta,FALSE
PRJ-102-S12,PRJ-102,Orion - Data Migration,12,"Sprint 12 Plan for Orion - Data Migration: Focus on Data validation. Goals: UAT, Schema mapping. Team capacity 74%.",20-09-2026,22-09-2026,28-09-2026,sprint_plan,Rahul Mehta,FALSE
PRJ-103-S1,PRJ-103,Phoenix - API Gateway,1,"Sprint 1 Plan for Phoenix - API Gateway: Focus on Deployment. Goals: Deployment, Docs. Team capacity 82%.",05-07-2026,07-07-2026,13-07-2026,sprint_plan,Ananya Gupta,FALSE
PRJ-103-S2,PRJ-103,Phoenix - API Gateway,2,"Sprint 2 Plan for Phoenix - API Gateway: Focus on Load testing. Goals: Docs, Deployment. Team capacity 91%.",12-07-2026,14-07-2026,20-07-2026,sprint_plan,Ananya Gupta,FALSE
PRJ-103-S3,PRJ-103,Phoenix - API Gateway,3,"Sprint 3 Plan for Phoenix - API Gateway: Focus on Load testing. Goals: Rate limiter design, Security audit. Team capacity 87%.",19-07-2026,21-07-2026,27-07-2026,sprint_plan,Ananya Gupta,FALSE
PRJ-103-S4,PRJ-103,Phoenix - API Gateway,4,"Sprint 4 Plan for Phoenix - API Gateway: Focus on Load testing. Goals: Security audit, Logging infra. Team capacity 94%.",26-07-2026,28-07-2026,03-08-2026,sprint_plan,Ananya Gupta,FALSE
PRJ-103-S5,PRJ-103,Phoenix - API Gateway,5,"Sprint 5 Plan for Phoenix - API Gateway: Focus on Deployment. Goals: Rate limiter design, Docs. Team capacity 95%.",02-08-2026,04-08-2026,10-08-2026,sprint_plan,Ananya Gupta,FALSE
PRJ-103-S6,PRJ-103,Phoenix - API Gateway,6,"Sprint 6 Plan for Phoenix - API Gateway: Focus on Load testing. Goals: OAuth integration, Security audit. Team capacity 86%.",09-08-2026,11-08-2026,17-08-2026,sprint_plan,Ananya Gupta,FALSE
PRJ-103-S7,PRJ-103,Phoenix - API Gateway,7,"Sprint 7 Plan for Phoenix - API Gateway: Focus on Logging infra. Goals: Logging infra, Docs. Team capacity 92%.",16-08-2026,18-08-2026,24-08-2026,sprint_plan,Ananya Gupta,FALSE
PRJ-103-S8,PRJ-103,Phoenix - API Gateway,8,"Sprint 8 Plan for Phoenix - API Gateway: Focus on Logging infra. Goals: Load testing, Docs. Team capacity 86%.",23-08-2026,25-08-2026,31-08-2026,sprint_plan,Ananya Gupta,FALSE
PRJ-103-S9,PRJ-103,Phoenix - API Gateway,9,"Sprint 9 Plan for Phoenix - API Gateway: Focus on Deployment. Goals: Docs, Deployment. Team capacity 79%.",30-08-2026,01-09-2026,07-09-2026,sprint_plan,Ananya Gupta,FALSE
PRJ-103-S10,PRJ-103,Phoenix - API Gateway,10,"Sprint 10 Plan for Phoenix - API Gateway: Focus on Rate limiter design. Goals: Deployment, Rate limiter design. Team capacity 88%.",06-09-2026,08-09-2026,14-09-2026,sprint_plan,Ananya Gupta,FALSE
PRJ-103-S11,PRJ-103,Phoenix - API Gateway,11,"Sprint 11 Plan for Phoenix - API Gateway: Focus on Rate limiter design. Goals: Docs, Load testing. Team capacity 89%.",13-09-2026,15-09-2026,21-09-2026,sprint_plan,Ananya Gupta,FALSE
PRJ-103-S12,PRJ-103,Phoenix - API Gateway,12,"Sprint 12 Plan for Phoenix - API Gateway: Focus on Rate limiter design. Goals: OAuth integration, Logging infra. Team capacity 92%.",20-09-2026,22-09-2026,28-09-2026,sprint_plan,Ananya Gupta,FALSE
