doc_id,project_id,project_name,week,text,rag_status,created_at,valid_from,valid_to,doc_type,progress_pct
PRJ-101-STATUS-W1,PRJ-101,Atlas - Mobile App Revamp,1,Week 1 Status for Atlas - Mobile App Revamp: RAG Green. Completed 97% of sprint goals. On track. Next week focus: Push notification service.,Green,13-07-2026,13-07-2026,15-07-2026,status_report,60
PRJ-101-STATUS-W2,PRJ-101,Atlas - Mobile App Revamp,2,Week 2 Status for Atlas - Mobile App Revamp: RAG Green. Completed 78% of sprint goals. On track. Next week focus: App store submission.,Green,20-07-2026,20-07-2026,22-07-2026,status_report,100
PRJ-101-STATUS-W3,PRJ-101,Atlas - Mobile App Revamp,3,Week 3 Status for Atlas - Mobile App Revamp: RAG Green. Completed 83% of sprint goals. On track. Next week focus: Auth module.,Green,27-07-2026,27-07-2026,29-07-2026,status_report,83
PRJ-101-STATUS-W4,PRJ-101,Atlas - Mobile App Revamp,4,Week 4 Status for Atlas - Mobile App Revamp: RAG Green. Completed 91% of sprint goals. On track. Next week focus: QA testing.,Green,03-08-2026,03-08-2026,05-08-2026,status_report,89
PRJ-101-STATUS-W5,PRJ-101,Atlas - Mobile App Revamp,5,Week 5 Status for Atlas - Mobile App Revamp: RAG Green. Completed 60% of sprint goals. On track. Next week focus: Performance tuning.,Green,10-08-2026,10-08-2026,12-08-2026,status_report,67
PRJ-101-STATUS-W6,PRJ-101,Atlas - Mobile App Revamp,6,Week 6 Status for Atlas - Mobile App Revamp: RAG Green. Completed 67% of sprint goals. On track. Next week focus: Push notification service.,Green,17-08-2026,17-08-2026,19-08-2026,status_report,79
PRJ-101-STATUS-W7,PRJ-101,Atlas - Mobile App Revamp,7,Week 7 Status for Atlas - Mobile App Revamp: RAG Green. Completed 72% of sprint goals. On track. Next week focus: Performance tuning.,Green,24-08-2026,24-08-2026,26-08-2026,status_report,79
PRJ-101-STATUS-W8,PRJ-101,Atlas - Mobile App Revamp,8,Week 8 Status for Atlas - Mobile App Revamp: RAG Green. Completed 81% of sprint goals. On track. Next week focus: UI wireframes.,Green,31-08-2026,31-08-2026,02-09-2026,status_report,92
PRJ-101-STATUS-W9,PRJ-101,Atlas - Mobile App Revamp,9,Week 9 Status for Atlas - Mobile App Revamp: RAG Green. Completed 63% of sprint goals. On track. Next week focus: Performance tuning.,Green,07-09-2026,07-09-2026,09-09-2026,status_report,66
PRJ-101-STATUS-W10,PRJ-101,Atlas - Mobile App Revamp,10,"Week 10 Status for Atlas - Mobile App Revamp: RAG Red. Completed 60% of sprint goals. Risk: Data validation delay, mitigated by extra QA. Next week focus: UI wireframes.",Red,14-09-2026,14-09-2026,16-09-2026,status_report,75
PRJ-101-STATUS-W11,PRJ-101,Atlas - Mobile App Revamp,11,Week 11 Status for Atlas - Mobile App Revamp: RAG Green. Completed 97% of sprint goals. On track. Next week focus: Performance tuning.,Green,21-09-2026,21-09-2026,23-09-2026,status_report,94
PRJ-101-STATUS-W12,PRJ-101,Atlas - Mobile App Revamp,12,"Week 12 Status for Atlas - Mobile App Revamp: RAG Red. Completed 62% of sprint goals. Risk: Data validation delay, mitigated by extra QA. Next week focus: Beta release.",Red,28-09-2026,28-09-2026,30-09-2026,status_report,65
PRJ-102-STATUS-W1,PRJ-102,Orion - Data Migration,1,Week 1 Status for Orion - Data Migration: RAG Green. Completed 92% of sprint goals. On track. Next week focus: Data validation.,Green,13-07-2026,13-07-2026,15-07-2026,status_report,68
PRJ-102-STATUS-W2,PRJ-102,Orion - Data Migration,2,Week 2 Status for Orion - Data Migration: RAG Green. Completed 98% of sprint goals. On track. Next week focus: ETL pipeline.,Green,20-07-2026,20-07-2026,22-07-2026,status_report,81
PRJ-102-STATUS-W3,PRJ-102,Orion - Data Migration,3,Week 3 Status for Orion - Data Migration: RAG Green. Completed 83% of sprint goals. On track. Next week focus: UAT.,Green,27-07-2026,27-07-2026,29-07-2026,status_report,95
PRJ-102-STATUS-W4,PRJ-102,Orion - Data Migration,4,Week 4 Status for Orion - Data Migration: RAG Green. Completed 81% of sprint goals. On track. Next week focus: Rollback drill.,Green,03-08-2026,03-08-2026,05-08-2026,status_report,86
PRJ-102-STATUS-W5,PRJ-102,Orion - Data Migration,5,Week 5 Status for Orion - Data Migration: RAG Green. Completed 61% of sprint goals. On track. Next week focus: Go-live.,Green,10-08-2026,10-08-2026,12-08-2026,status_report,72
PRJ-102-STATUS-W6,PRJ-102,Orion - Data Migration,6,Week 6 Status for Orion - Data Migration: RAG Green. Completed 80% of sprint goals. On track. Next week focus: Cutover plan.,Green,17-08-2026,17-08-2026,19-08-2026,status_report,98
PRJ-102-STATUS-W7,PRJ-102,Orion - Data Migration,7,Week 7 Status for Orion - Data Migration: RAG Green. Completed 67% of sprint goals. On track. Next week focus: Go-live.,Green,24-08-2026,24-08-2026,26-08-2026,status_report,79
PRJ-102-STATUS-W8,PRJ-102,Orion - Data Migration,8,Week 8 Status for Orion - Data Migration: RAG Green. Completed 87% of sprint goals. On track. Next week focus: Rollback drill.,Green,31-08-2026,31-08-2026,02-09-2026,status_report,97
PRJ-102-STATUS-W9,PRJ-102,Orion - Data Migration,9,Week 9 Status for Orion - Data Migration: RAG Green. Completed 62% of sprint goals. On track. Next week focus: ETL pipeline.,Green,07-09-2026,07-09-2026,09-09-2026,status_report,90
PRJ-102-STATUS-W10,PRJ-102,Orion - Data Migration,10,"Week 10 Status for Orion - Data Migration: RAG Amber. Completed 95% of sprint goals. Risk: Data validation delay, mitigated by extra QA. Next week focus: ETL pipeline.",Amber,14-09-2026,14-09-2026,16-09-2026,status_report,67
PRJ-102-STATUS-W11,PRJ-102,Orion - Data Migration,11,"Week 11 Status for Orion - Data Migration: RAG Amber. Completed 75% of sprint goals. Risk: Data validation delay, mitigated by extra QA. Next week focus: Data validation.",Amber,21-09-2026,21-09-2026,23-09-2026,status_report,81
PRJ-102-STATUS-W12,PRJ-102,Orion - Data Migration,12,Week 12 Status for Orion - Data Migration: RAG Green. Completed 97% of sprint goals. On track. Next week focus: Go-live.,Green,28-09-2026,28-09-2026,30-09-2026,status_report,61
PRJ-103-STATUS-W1,PRJ-103,Phoenix - API Gateway,1,Week 1 Status for Phoenix - API Gateway: RAG Green. Completed 99% of sprint goals. On track. Next week focus: Docs.,Green,13-07-2026,13-07-2026,15-07-2026,status_report,61
PRJ-103-STATUS-W2,PRJ-103,Phoenix - API Gateway,2,Week 2 Status for Phoenix - API Gateway: RAG Green. Completed 86% of sprint goals. On track. Next week focus: Logging infra.,Green,20-07-2026,20-07-2026,22-07-2026,status_report,65
PRJ-103-STATUS-W3,PRJ-103,Phoenix - API Gateway,3,Week 3 Status for Phoenix - API Gateway: RAG Green. Completed 67% of sprint goals. On track. Next week focus: Docs.,Green,27-07-2026,27-07-2026,29-07-2026,status_report,73
PRJ-103-STATUS-W4,PRJ-103,Phoenix - API Gateway,4,Week 4 Status for Phoenix - API Gateway: RAG Green. Completed 79% of sprint goals. On track. Next week focus: Deployment.,Green,03-08-2026,03-08-2026,05-08-2026,status_report,98
PRJ-103-STATUS-W5,PRJ-103,Phoenix - API Gateway,5,Week 5 Status for Phoenix - API Gateway: RAG Green. Completed 89% of sprint goals. On track. Next week focus: Security audit.,Green,10-08-2026,10-08-2026,12-08-2026,status_report,69
PRJ-103-STATUS-W6,PRJ-103,Phoenix - API Gateway,6,Week 6 Status for Phoenix - API Gateway: RAG Green. Completed 82% of sprint goals. On track. Next week focus: Deployment.,Green,17-08-2026,17-08-2026,19-08-2026,status_report,76
PRJ-103-STATUS-W7,PRJ-103,Phoenix - API Gateway,7,Week 7 Status for Phoenix - API Gateway: RAG Green. Completed 75% of sprint goals. On track. Next week focus: Logging infra.,Green,24-08-2026,24-08-2026,26-08-2026,status_report,97
PRJ-103-STATUS-W8,PRJ-103,Phoenix - API Gateway,8,Week 8 Status for Phoenix - API Gateway: RAG Green. Completed 90% of sprint goals. On track. Next week focus: Logging infra.,Green,31-08-2026,31-08-2026,02-09-2026,status_report,97
PRJ-103-STATUS-W9,PRJ-103,Phoenix - API Gateway,9,Week 9 Status for Phoenix - API Gateway: RAG Green. Completed 100% of sprint goals. On track. Next week focus: Deployment.,Green,07-09-2026,07-09-2026,09-09-2026,status_report,91
PRJ-103-STATUS-W10,PRJ-103,Phoenix - API Gateway,10,Week 10 Status for Phoenix - API Gateway: RAG Green. Completed 79% of sprint goals. On track. Next week focus: Rate limiter design.,Green,14-09-2026,14-09-2026,16-09-2026,status_report,75
PRJ-103-STATUS-W11,PRJ-103,Phoenix - API Gateway,11,Week 11 Status for Phoenix - API Gateway: RAG Green. Completed 98% of sprint goals. On track. Next week focus: Load testing.,Green,21-09-2026,21-09-2026,23-09-2026,status_report,78
PRJ-103-STATUS-W12,PRJ-103,Phoenix - API Gateway,12,Week 12 Status for Phoenix - API Gateway: RAG Green. Completed 78% of sprint goals. On track. Next week focus: Load testing.,Green,28-09-2026,28-09-2026,30-09-2026,status_report,67
