task_id,project_id,sprint,task_name,assignee,status,due_date,created_at,valid_from,valid_to,story_points
PRJ-101-S1-T1,PRJ-101,1,Auth module,Sarah L.,In Progress,13-07-2026,07-07-2026,07-07-2026,13-07-2026,2
PRJ-101-S1-T2,PRJ-101,1,Performance tuning,Amit K.,Blocked,08-07-2026,07-07-2026,07-07-2026,13-07-2026,2
PRJ-101-S1-T3,PRJ-101,1,UI wireframes,Sarah L.,In Progress,12-07-2026,07-07-2026,07-07-2026,13-07-2026,6
PRJ-101-S1-T4,PRJ-101,1,UI wireframes,Sarah L.,Blocked,09-07-2026,07-07-2026,07-07-2026,13-07-2026,5
PRJ-101-S2-T1,PRJ-101,2,Push notification service,Chen W.,In Progress,16-07-2026,14-07-2026,14-07-2026,20-07-2026,8
PRJ-101-S2-T2,PRJ-101,2,Push notification service,Amit K.,To Do,18-07-2026,14-07-2026,14-07-2026,20-07-2026,2
PRJ-101-S2-T3,PRJ-101,2,Push notification service,Chen W.,Done,15-07-2026,14-07-2026,14-07-2026,20-07-2026,7
PRJ-101-S2-T4,PRJ-101,2,QA testing,Amit K.,Blocked,15-07-2026,14-07-2026,14-07-2026,20-07-2026,6
PRJ-101-S3-T1,PRJ-101,3,Performance tuning,Amit K.,To Do,27-07-2026,21-07-2026,21-07-2026,27-07-2026,3
PRJ-101-S3-T2,PRJ-101,3,App store submission,Chen W.,To Do,23-07-2026,21-07-2026,21-07-2026,27-07-2026,8
PRJ-101-S3-T3,PRJ-101,3,UI wireframes,David P.,Done,25-07-2026,21-07-2026,21-07-2026,27-07-2026,7
PRJ-101-S4-T1,PRJ-101,4,Performance tuning,Amit K.,In Progress,02-08-2026,28-07-2026,28-07-2026,03-08-2026,7
PRJ-101-S4-T2,PRJ-101,4,Auth module,Sarah L.,Blocked,01-08-2026,28-07-2026,28-07-2026,03-08-2026,4
PRJ-101-S4-T3,PRJ-101,4,Performance tuning,Sarah L.,Done,29-07-2026,28-07-2026,28-07-2026,03-08-2026,3
PRJ-101-S4-T4,PRJ-101,4,App store submission,Amit K.,Done,01-08-2026,28-07-2026,28-07-2026,03-08-2026,4
PRJ-101-S4-T5,PRJ-101,4,UI wireframes,Sarah L.,Done,30-07-2026,28-07-2026,28-07-2026,03-08-2026,7
PRJ-101-S5-T1,PRJ-101,5,Beta release,Chen W.,Blocked,09-08-2026,04-08-2026,04-08-2026,10-08-2026,5
PRJ-101-S5-T2,PRJ-101,5,Push notification service,Sarah L.,In Progress,09-08-2026,04-08-2026,04-08-2026,10-08-2026,5
PRJ-101-S5-T3,PRJ-101,5,UI wireframes,Amit K.,To Do,06-08-2026,04-08-2026,04-08-2026,10-08-2026,7
PRJ-101-S5-T4,PRJ-101,5,Auth module,David P.,To Do,08-08-2026,04-08-2026,04-08-2026,10-08-2026,5
PRJ-101-S5-T5,PRJ-101,5,Beta release,David P.,Done,09-08-2026,04-08-2026,04-08-2026,10-08-2026,8
PRJ-101-S6-T1,PRJ-101,6,Push notification service,Amit K.,Done,15-08-2026,11-08-2026,11-08-2026,17-08-2026,3
PRJ-101-S6-T2,PRJ-101,6,QA testing,Amit K.,Done,16-08-2026,11-08-2026,11-08-2026,17-08-2026,8
PRJ-101-S6-T3,PRJ-101,6,Auth module,Amit K.,Done,17-08-2026,11-08-2026,11-08-2026,17-08-2026,6
PRJ-101-S6-T4,PRJ-101,6,Beta release,Sarah L.,In Progress,14-08-2026,11-08-2026,11-08-2026,17-08-2026,8
PRJ-101-S6-T5,PRJ-101,6,Auth module,Amit K.,Done,15-08-2026,11-08-2026,11-08-2026,17-08-2026,2
PRJ-101-S7-T1,PRJ-101,7,UI wireframes,David P.,To Do,23-08-2026,18-08-2026,18-08-2026,24-08-2026,8
PRJ-101-S7-T2,PRJ-101,7,Auth module,Sarah L.,Blocked,23-08-2026,18-08-2026,18-08-2026,24-08-2026,3
PRJ-101-S7-T3,PRJ-101,7,Push notification service,David P.,In Progress,23-08-2026,18-08-2026,18-08-2026,24-08-2026,8
PRJ-101-S8-T1,PRJ-101,8,Beta release,David P.,To Do,27-08-2026,25-08-2026,25-08-2026,31-08-2026,3
PRJ-101-S8-T2,PRJ-101,8,UI wireframes,Chen W.,To Do,30-08-2026,25-08-2026,25-08-2026,31-08-2026,6
PRJ-101-S8-T3,PRJ-101,8,Auth module,Sarah L.,To Do,26-08-2026,25-08-2026,25-08-2026,31-08-2026,7
PRJ-101-S8-T4,PRJ-101,8,Performance tuning,Amit K.,In Progress,26-08-2026,25-08-2026,25-08-2026,31-08-2026,2
PRJ-101-S9-T1,PRJ-101,9,Beta release,Sarah L.,Blocked,03-09-2026,01-09-2026,01-09-2026,07-09-2026,8
PRJ-101-S9-T2,PRJ-101,9,QA testing,David P.,In Progress,02-09-2026,01-09-2026,01-09-2026,07-09-2026,2
PRJ-101-S9-T3,PRJ-101,9,Performance tuning,David P.,Done,05-09-2026,01-09-2026,01-09-2026,07-09-2026,5
PRJ-101-S10-T1,PRJ-101,10,Auth module,Sarah L.,In Progress,13-09-2026,08-09-2026,08-09-2026,14-09-2026,5
PRJ-101-S10-T2,PRJ-101,10,Auth module,David P.,In Progress,11-09-2026,08-09-2026,08-09-2026,14-09-2026,5
PRJ-101-S10-T3,PRJ-101,10,Auth module,Amit K.,Blocked,13-09-2026,08-09-2026,08-09-2026,14-09-2026,2
PRJ-101-S11-T1,PRJ-101,11,App store submission,David P.,To Do,17-09-2026,15-09-2026,15-09-2026,21-09-2026,5
PRJ-101-S11-T2,PRJ-101,11,UI wireframes,David P.,Done,19-09-2026,15-09-2026,15-09-2026,21-09-2026,4
PRJ-101-S11-T3,PRJ-101,11,QA testing,David P.,In Progress,17-09-2026,15-09-2026,15-09-2026,21-09-2026,4
PRJ-101-S12-T1,PRJ-101,12,Beta release,David P.,In Progress,23-09-2026,22-09-2026,22-09-2026,28-09-2026,6
PRJ-101-S12-T2,PRJ-101,12,UI wireframes,Sarah L.,To Do,27-09-2026,22-09-2026,22-09-2026,28-09-2026,2
PRJ-101-S12-T3,PRJ-101,12,Performance tuning,Sarah L.,Blocked,23-09-2026,22-09-2026,22-09-2026,28-09-2026,6
PRJ-102-S1-T1,PRJ-102,1,Data validation,John D.,In Progress,13-07-2026,07-07-2026,07-07-2026,13-07-2026,7
PRJ-102-S1-T2,PRJ-102,1,Data validation,Neha R.,Done,11-07-2026,07-07-2026,07-07-2026,13-07-2026,3
PRJ-102-S1-T3,PRJ-102,1,Go-live,Fatima S.,Done,11-07-2026,07-07-2026,07-07-2026,13-07-2026,4
PRJ-102-S1-T4,PRJ-102,1,Rollback drill,Neha R.,To Do,11-07-2026,07-07-2026,07-07-2026,13-07-2026,6
PRJ-102-S1-T5,PRJ-102,1,UAT,Neha R.,To Do,12-07-2026,07-07-2026,07-07-2026,13-07-2026,3
PRJ-102-S2-T1,PRJ-102,2,ETL pipeline,John D.,Done,19-07-2026,14-07-2026,14-07-2026,20-07-2026,8
PRJ-102-S2-T2,PRJ-102,2,Go-live,Fatima S.,To Do,20-07-2026,14-07-2026,14-07-2026,20-07-2026,8
PRJ-102-S2-T3,PRJ-102,2,UAT,John D.,To Do,16-07-2026,14-07-2026,14-07-2026,20-07-2026,4
PRJ-102-S2-T4,PRJ-102,2,Schema mapping,Neha R.,In Progress,17-07-2026,14-07-2026,14-07-2026,20-07-2026,4
PRJ-102-S3-T1,PRJ-102,3,Cutover plan,John D.,To Do,22-07-2026,21-07-2026,21-07-2026,27-07-2026,7
PRJ-102-S3-T2,PRJ-102,3,Cutover plan,John D.,To Do,22-07-2026,21-07-2026,21-07-2026,27-07-2026,4
PRJ-102-S3-T3,PRJ-102,3,Rollback drill,Neha R.,Done,23-07-2026,21-07-2026,21-07-2026,27-07-2026,7
PRJ-102-S3-T4,PRJ-102,3,Cutover plan,Fatima S.,Blocked,26-07-2026,21-07-2026,21-07-2026,27-07-2026,2
PRJ-102-S3-T5,PRJ-102,3,Schema mapping,Neha R.,In Progress,26-07-2026,21-07-2026,21-07-2026,27-07-2026,2
PRJ-102-S4-T1,PRJ-102,4,Data validation,Neha R.,Done,30-07-2026,28-07-2026,28-07-2026,03-08-2026,7
PRJ-102-S4-T2,PRJ-102,4,ETL pipeline,Fatima S.,To Do,31-07-2026,28-07-2026,28-07-2026,03-08-2026,8
PRJ-102-S4-T3,PRJ-102,4,UAT,John D.,In Progress,30-07-2026,28-07-2026,28-07-2026,03-08-2026,8
PRJ-102-S4-T4,PRJ-102,4,ETL pipeline,Neha R.,Blocked,29-07-2026,28-07-2026,28-07-2026,03-08-2026,3
PRJ-102-S5-T1,PRJ-102,5,Data validation,Neha R.,To Do,08-08-2026,04-08-2026,04-08-2026,10-08-2026,8
PRJ-102-S5-T2,PRJ-102,5,Schema mapping,John D.,In Progress,06-08-2026,04-08-2026,04-08-2026,10-08-2026,8
PRJ-102-S5-T3,PRJ-102,5,Cutover plan,John D.,Done,06-08-2026,04-08-2026,04-08-2026,10-08-2026,3
PRJ-102-S6-T1,PRJ-102,6,Data validation,Fatima S.,Blocked,17-08-2026,11-08-2026,11-08-2026,17-08-2026,8
PRJ-102-S6-T2,PRJ-102,6,UAT,John D.,To Do,12-08-2026,11-08-2026,11-08-2026,17-08-2026,4
PRJ-102-S6-T3,PRJ-102,6,ETL pipeline,Fatima S.,Done,12-08-2026,11-08-2026,11-08-2026,17-08-2026,2
PRJ-102-S6-T4,PRJ-102,6,UAT,John D.,Done,17-08-2026,11-08-2026,11-08-2026,17-08-2026,8
PRJ-102-S7-T1,PRJ-102,7,Data validation,Neha R.,Blocked,19-08-2026,18-08-2026,18-08-2026,24-08-2026,6
PRJ-102-S7-T2,PRJ-102,7,Rollback drill,Fatima S.,In Progress,21-08-2026,18-08-2026,18-08-2026,24-08-2026,5
PRJ-102-S7-T3,PRJ-102,7,Schema mapping,Fatima S.,Done,23-08-2026,18-08-2026,18-08-2026,24-08-2026,4
PRJ-102-S8-T1,PRJ-102,8,Cutover plan,Fatima S.,Done,30-08-2026,25-08-2026,25-08-2026,31-08-2026,3
PRJ-102-S8-T2,PRJ-102,8,ETL pipeline,John D.,Blocked,31-08-2026,25-08-2026,25-08-2026,31-08-2026,7
PRJ-102-S8-T3,PRJ-102,8,ETL pipeline,Fatima S.,Done,29-08-2026,25-08-2026,25-08-2026,31-08-2026,6
PRJ-102-S8-T4,PRJ-102,8,Rollback drill,Neha R.,Done,28-08-2026,25-08-2026,25-08-2026,31-08-2026,3
PRJ-102-S9-T1,PRJ-102,9,Cutover plan,Fatima S.,In Progress,06-09-2026,01-09-2026,01-09-2026,07-09-2026,5
PRJ-102-S9-T2,PRJ-102,9,Rollback drill,Fatima S.,In Progress,07-09-2026,01-09-2026,01-09-2026,07-09-2026,2
PRJ-102-S9-T3,PRJ-102,9,Data validation,Fatima S.,Done,02-09-2026,01-09-2026,01-09-2026,07-09-2026,8
PRJ-102-S9-T4,PRJ-102,9,Rollback drill,Neha R.,Done,03-09-2026,01-09-2026,01-09-2026,07-09-2026,8
PRJ-102-S10-T1,PRJ-102,10,Go-live,Fatima S.,In Progress,14-09-2026,08-09-2026,08-09-2026,14-09-2026,7
PRJ-102-S10-T2,PRJ-102,10,Cutover plan,John D.,Blocked,10-09-2026,08-09-2026,08-09-2026,14-09-2026,3
PRJ-102-S10-T3,PRJ-102,10,Go-live,Fatima S.,To Do,09-09-2026,08-09-2026,08-09-2026,14-09-2026,8
PRJ-102-S10-T4,PRJ-102,10,Cutover plan,Neha R.,In Progress,14-09-2026,08-09-2026,08-09-2026,14-09-2026,6
PRJ-102-S11-T1,PRJ-102,11,UAT,Fatima S.,Done,19-09-2026,15-09-2026,15-09-2026,21-09-2026,6
PRJ-102-S11-T2,PRJ-102,11,Rollback drill,Fatima S.,Blocked,20-09-2026,15-09-2026,15-09-2026,21-09-2026,5
PRJ-102-S11-T3,PRJ-102,11,ETL pipeline,Fatima S.,Blocked,19-09-2026,15-09-2026,15-09-2026,21-09-2026,4
PRJ-102-S11-T4,PRJ-102,11,Rollback drill,Neha R.,Done,20-09-2026,15-09-2026,15-09-2026,21-09-2026,5
PRJ-102-S11-T5,PRJ-102,11,Go-live,Neha R.,Done,19-09-2026,15-09-2026,15-09-2026,21-09-2026,2
PRJ-102-S12-T1,PRJ-102,12,ETL pipeline,John D.,In Progress,28-09-2026,22-09-2026,22-09-2026,28-09-2026,3
PRJ-102-S12-T2,PRJ-102,12,Schema mapping,John D.,Blocked,25-09-2026,22-09-2026,22-09-2026,28-09-2026,6
PRJ-102-S12-T3,PRJ-102,12,Cutover plan,John D.,To Do,24-09-2026,22-09-2026,22-09-2026,28-09-2026,8
PRJ-103-S1-T1,PRJ-103,1,Rate limiter design,Omar J.,Done,11-07-2026,07-07-2026,07-07-2026,13-07-2026,8
PRJ-103-S1-T2,PRJ-103,1,Deployment,Emily Z.,In Progress,11-07-2026,07-07-2026,07-07-2026,13-07-2026,3
PRJ-103-S1-T3,PRJ-103,1,Logging infra,Emily Z.,Blocked,08-07-2026,07-07-2026,07-07-2026,13-07-2026,5
PRJ-103-S1-T4,PRJ-103,1,Logging infra,Emily Z.,In Progress,11-07-2026,07-07-2026,07-07-2026,13-07-2026,3
PRJ-103-S2-T1,PRJ-103,2,Rate limiter design,Emily Z.,In Progress,18-07-2026,14-07-2026,14-07-2026,20-07-2026,3
PRJ-103-S2-T2,PRJ-103,2,Rate limiter design,Omar J.,Blocked,17-07-2026,14-07-2026,14-07-2026,20-07-2026,3
PRJ-103-S2-T3,PRJ-103,2,Load testing,Omar J.,Done,18-07-2026,14-07-2026,14-07-2026,20-07-2026,4
PRJ-103-S3-T1,PRJ-103,3,Logging infra,Lisa M.,To Do,27-07-2026,21-07-2026,21-07-2026,27-07-2026,2
PRJ-103-S3-T2,PRJ-103,3,Deployment,Vikram S.,In Progress,23-07-2026,21-07-2026,21-07-2026,27-07-2026,8
PRJ-103-S3-T3,PRJ-103,3,Rate limiter design,Lisa M.,In Progress,23-07-2026,21-07-2026,21-07-2026,27-07-2026,5
PRJ-103-S4-T1,PRJ-103,4,OAuth integration,Vikram S.,In Progress,31-07-2026,28-07-2026,28-07-2026,03-08-2026,2
PRJ-103-S4-T2,PRJ-103,4,Docs,Vikram S.,Done,02-08-2026,28-07-2026,28-07-2026,03-08-2026,7
PRJ-103-S4-T3,PRJ-103,4,Load testing,Emily Z.,In Progress,29-07-2026,28-07-2026,28-07-2026,03-08-2026,6
PRJ-103-S4-T4,PRJ-103,4,Security audit,Lisa M.,To Do,03-08-2026,28-07-2026,28-07-2026,03-08-2026,8
PRJ-103-S5-T1,PRJ-103,5,Logging infra,Emily Z.,Done,05-08-2026,04-08-2026,04-08-2026,10-08-2026,6
PRJ-103-S5-T2,PRJ-103,5,Security audit,Omar J.,To Do,08-08-2026,04-08-2026,04-08-2026,10-08-2026,8
PRJ-103-S5-T3,PRJ-103,5,Load testing,Vikram S.,Blocked,07-08-2026,04-08-2026,04-08-2026,10-08-2026,7
PRJ-103-S6-T1,PRJ-103,6,Logging infra,Emily Z.,Blocked,15-08-2026,11-08-2026,11-08-2026,17-08-2026,8
PRJ-103-S6-T2,PRJ-103,6,Security audit,Omar J.,Done,13-08-2026,11-08-2026,11-08-2026,17-08-2026,8
PRJ-103-S6-T3,PRJ-103,6,Rate limiter design,Omar J.,Blocked,13-08-2026,11-08-2026,11-08-2026,17-08-2026,8
PRJ-103-S6-T4,PRJ-103,6,Load testing,Emily Z.,Done,12-08-2026,11-08-2026,11-08-2026,17-08-2026,5
PRJ-103-S6-T5,PRJ-103,6,Deployment,Omar J.,In Progress,15-08-2026,11-08-2026,11-08-2026,17-08-2026,3
PRJ-103-S7-T1,PRJ-103,7,Docs,Vikram S.,In Progress,19-08-2026,18-08-2026,18-08-2026,24-08-2026,3
PRJ-103-S7-T2,PRJ-103,7,Security audit,Emily Z.,Blocked,23-08-2026,18-08-2026,18-08-2026,24-08-2026,8
PRJ-103-S7-T3,PRJ-103,7,OAuth integration,Emily Z.,Blocked,22-08-2026,18-08-2026,18-08-2026,24-08-2026,8
PRJ-103-S7-T4,PRJ-103,7,Rate limiter design,Vikram S.,Done,20-08-2026,18-08-2026,18-08-2026,24-08-2026,5
PRJ-103-S8-T1,PRJ-103,8,Load testing,Omar J.,Done,31-08-2026,25-08-2026,25-08-2026,31-08-2026,5
PRJ-103-S8-T2,PRJ-103,8,Logging infra,Omar J.,Done,27-08-2026,25-08-2026,25-08-2026,31-08-2026,2
PRJ-103-S8-T3,PRJ-103,8,Security audit,Lisa M.,Done,26-08-2026,25-08-2026,25-08-2026,31-08-2026,7
PRJ-103-S8-T4,PRJ-103,8,Docs,Lisa M.,In Progress,27-08-2026,25-08-2026,25-08-2026,31-08-2026,7
PRJ-103-S9-T1,PRJ-103,9,Deployment,Lisa M.,Done,03-09-2026,01-09-2026,01-09-2026,07-09-2026,4
PRJ-103-S9-T2,PRJ-103,9,OAuth integration,Omar J.,To Do,07-09-2026,01-09-2026,01-09-2026,07-09-2026,6
PRJ-103-S9-T3,PRJ-103,9,OAuth integration,Omar J.,To Do,02-09-2026,01-09-2026,01-09-2026,07-09-2026,6
PRJ-103-S10-T1,PRJ-103,10,Load testing,Emily Z.,Blocked,11-09-2026,08-09-2026,08-09-2026,14-09-2026,3
PRJ-103-S10-T2,PRJ-103,10,Rate limiter design,Omar J.,Blocked,09-09-2026,08-09-2026,08-09-2026,14-09-2026,8
PRJ-103-S10-T3,PRJ-103,10,Rate limiter design,Emily Z.,Blocked,09-09-2026,08-09-2026,08-09-2026,14-09-2026,6
PRJ-103-S10-T4,PRJ-103,10,Security audit,Vikram S.,In Progress,10-09-2026,08-09-2026,08-09-2026,14-09-2026,8
PRJ-103-S11-T1,PRJ-103,11,Deployment,Lisa M.,Blocked,19-09-2026,15-09-2026,15-09-2026,21-09-2026,5
PRJ-103-S11-T2,PRJ-103,11,Logging infra,Emily Z.,Done,20-09-2026,15-09-2026,15-09-2026,21-09-2026,6
PRJ-103-S11-T3,PRJ-103,11,Rate limiter design,Vikram S.,In Progress,21-09-2026,15-09-2026,15-09-2026,21-09-2026,3
PRJ-103-S11-T4,PRJ-103,11,Logging infra,Vikram S.,In Progress,17-09-2026,15-09-2026,15-09-2026,21-09-2026,3
PRJ-103-S11-T5,PRJ-103,11,Docs,Vikram S.,In Progress,16-09-2026,15-09-2026,15-09-2026,21-09-2026,5
PRJ-103-S12-T1,PRJ-103,12,Security audit,Emily Z.,To Do,28-09-2026,22-09-2026,22-09-2026,28-09-2026,3
PRJ-103-S12-T2,PRJ-103,12,Logging infra,Lisa M.,Blocked,23-09-2026,22-09-2026,22-09-2026,28-09-2026,6
PRJ-103-S12-T3,PRJ-103,12,OAuth integration,Lisa M.,Done,24-09-2026,22-09-2026,22-09-2026,28-09-2026,2
PRJ-103-S12-T4,PRJ-103,12,Rate limiter design,Lisa M.,Done,27-09-2026,22-09-2026,22-09-2026,28-09-2026,7
